,mean,VARMA RMSE (test),VARMA RMSE (train),VARMA RMSE,ARIMA RMSE (test),ARIMA RMSE (train),ARIMA RMSE
0,0.11861342962186502,0.3594827607734494,0.313729654713335,0.3235478574136897,0.36072638968673093,0.3390676017377674,0.34299341091539365
