,mean,VARMA RMSE (test),VARMA RMSE (train),VARMA RMSE,ARIMA RMSE (test),ARIMA RMSE (train),ARIMA RMSE
0,0.24539618218478174,0.37397396395378457,0.31603698561279786,0.3243638373064302,0.368162871019195,0.3388925727582828,0.3438541373977032
