,mean,VARMA RMSE (test),VARMA RMSE (train),VARMA RMSE,ARIMA RMSE (test),ARIMA RMSE (train),ARIMA RMSE
0,0.3171625151974882,0.3219828881277282,0.276200518050017,0.2834211011845104,0.3120224808523291,0.3074824310471781,0.3067325344396615
