,mean,VARMA RMSE (test),VARMA RMSE (train),VARMA RMSE,ARIMA RMSE (test),ARIMA RMSE (train),ARIMA RMSE
0,0.3087006571572166,0.486646733444731,0.544155266484425,0.5947591792412269,0.36238341911294447,0.3234925987071089,0.3299256788767504
