,mean,VARMA RMSE (test),VARMA RMSE (train),VARMA RMSE,ARIMA RMSE (test),ARIMA RMSE (train),ARIMA RMSE
0,0.10546014633458789,0.3793922913516316,1.175219611933645,1.044460406789448,0.31722867027990614,0.30183715968697045,0.30400421192824445
