,mean,VARMA RMSE (test),VARMA RMSE (train),VARMA RMSE,ARIMA RMSE (test),ARIMA RMSE (train),ARIMA RMSE
0,0.12549298639109424,0.3263409255387998,0.27991843615567596,0.2869348064613702,0.3222291965495106,0.2928728932875222,0.2980149709125435
