,mean,VARMA RMSE (test),VARMA RMSE (train),VARMA RMSE,ARIMA RMSE (test),ARIMA RMSE (train),ARIMA RMSE
0,0.17428454723864448,0.3299423156465411,0.3332183590061231,0.33168327893600824,0.32656109790950333,0.33656037625373353,0.33440268586255817
