,mean,VARMA RMSE (test),VARMA RMSE (train),VARMA RMSE,ARIMA RMSE (test),ARIMA RMSE (train),ARIMA RMSE
0,0.1396198162815934,0.339007983710186,0.3232051556822621,0.3256800964936772,0.3386738028389147,0.3277771451918118,0.3294208099395806
