,mean,VARMA RMSE (test),VARMA RMSE (train),VARMA RMSE,ARIMA RMSE (test),ARIMA RMSE (train),ARIMA RMSE
0,0.19578183363528193,0.3223040959129802,0.9672391934387374,1.064609054481385,0.3498852203799907,0.2957740031191497,0.3040164566428841
