,mean,VARMA RMSE (test),VARMA RMSE (train),VARMA RMSE,ARIMA RMSE (test),ARIMA RMSE (train),ARIMA RMSE
0,0.14435824355114935,0.45570672241499605,0.5768055341114415,0.5398072639353106,0.35597063636886556,0.3367224938817237,0.3389312597561179
