,mean,VARMA RMSE (test),VARMA RMSE (train),VARMA RMSE,ARIMA RMSE (test),ARIMA RMSE (train),ARIMA RMSE
0,0.1140676747436075,0.3283048750536045,1.2374168500574576,1.4304085591152111,0.3384844205716541,0.3149881289772122,0.3181919605221522
