,mean,VARMA RMSE (test),VARMA RMSE (train),VARMA RMSE,ARIMA RMSE (test),ARIMA RMSE (train),ARIMA RMSE
0,0.1381516519592419,0.5470634125037009,0.5920585860237505,0.6611503550074994,0.35929322174367123,0.33187470899199084,0.33648039812973957
