,mean,VARMA RMSE (test),VARMA RMSE (train),VARMA RMSE,ARIMA RMSE (test),ARIMA RMSE (train),ARIMA RMSE
0,0.1410420316312019,0.7070360441560303,1.4276490562185922,0.9037180817218151,0.3628253051889836,0.3139290135715409,0.32412623486202335
