,mean,VARMA RMSE (test),VARMA RMSE (train),VARMA RMSE,ARIMA RMSE (test),ARIMA RMSE (train),ARIMA RMSE
0,0.23757517149765917,0.42478641870753897,0.4620684650088316,0.42898864299988043,0.37489650949856085,0.34153870731643465,0.3450517703145838
