,mean,VARMA RMSE (test),VARMA RMSE (train),VARMA RMSE,ARIMA RMSE (test),ARIMA RMSE (train),ARIMA RMSE
0,0.25040375438046103,0.5616266147183404,0.6067779403048896,0.5782223144120953,0.3383399305900869,0.34087326459241374,0.3376785193910689
