,mean,VARMA RMSE (test),VARMA RMSE (train),VARMA RMSE,ARIMA RMSE (test),ARIMA RMSE (train),ARIMA RMSE
0,0.21904243568338838,0.3224130650386789,0.335877963274555,0.330362428758547,0.32262143913400815,0.33471805385691544,0.3326766785839489
