,mean,VARMA RMSE (test),VARMA RMSE (train),VARMA RMSE,ARIMA RMSE (test),ARIMA RMSE (train),ARIMA RMSE
0,0.12769353467594968,0.31112176653547646,0.28745130624610754,0.2913257695369608,0.31451308726538857,0.29164302531111275,0.2952686217062044
