,mean,VARMA RMSE (test),VARMA RMSE (train),VARMA RMSE,ARIMA RMSE (test),ARIMA RMSE (train),ARIMA RMSE
0,0.23395839690117842,0.5100482517617665,0.5742639355145287,0.633066235845966,0.360138824543204,0.3328654026709731,0.33901595226901193
