,mean,VARMA RMSE (test),VARMA RMSE (train),VARMA RMSE,ARIMA RMSE (test),ARIMA RMSE (train),ARIMA RMSE
0,0.1898913457858897,0.3568061115211458,0.2964299637465711,0.30671510755451337,0.35250885574581153,0.33737168551254304,0.3402354914985999
