,mean,VARMA RMSE (test),VARMA RMSE (train),VARMA RMSE,ARIMA RMSE (test),ARIMA RMSE (train),ARIMA RMSE
0,0.13525094521781028,0.36315710969440446,0.3588674649447116,0.3596187619517505,0.3686895794083817,0.35956757317886434,0.35968217387587886
