,mean,VARMA RMSE (test),VARMA RMSE (train),VARMA RMSE,ARIMA RMSE (test),ARIMA RMSE (train),ARIMA RMSE
0,0.1601764773165583,0.34445679353337366,0.29625496447018507,0.30443000648145996,0.3377692838408284,0.3198711939767142,0.32101609300391176
