,mean,VARMA RMSE (test),VARMA RMSE (train),VARMA RMSE,ARIMA RMSE (test),ARIMA RMSE (train),ARIMA RMSE
0,0.30260192952938136,0.34593811501117977,0.2931710518741546,0.3024686788772028,0.3419806092734485,0.3360761044250509,0.3362884161125258
