,mean,VARMA RMSE (test),VARMA RMSE (train),VARMA RMSE,ARIMA RMSE (test),ARIMA RMSE (train),ARIMA RMSE
0,0.17213661443906939,0.4576255307370041,0.47227986129917415,0.47869370147797713,0.3675788474711652,0.3189674582087536,0.32803600887796963
