,mean,VARMA RMSE (test),VARMA RMSE (train),VARMA RMSE,ARIMA RMSE (test),ARIMA RMSE (train),ARIMA RMSE
0,0.12386494029652906,0.3729355012164815,0.636527929150313,0.62405496249171,0.3463608196236988,0.3090293621866101,0.31615770537003457
