,mean,VARMA RMSE (test),VARMA RMSE (train),VARMA RMSE,ARIMA RMSE (test),ARIMA RMSE (train),ARIMA RMSE
0,0.14898254473794048,0.33280599638442326,0.29730884951653913,0.30449486453805075,0.33214266692711925,0.3089882535229925,0.31217682251936585
