,mean,VARMA RMSE (test),VARMA RMSE (train),VARMA RMSE,ARIMA RMSE (test),ARIMA RMSE (train),ARIMA RMSE
0,0.13041749842539202,0.3041165544605468,0.29388623202659,0.29557440869819834,0.30434740051562387,0.309825486866481,0.3090021148643729
