,mean,VARMA RMSE (test),VARMA RMSE (train),VARMA RMSE,ARIMA RMSE (test),ARIMA RMSE (train),ARIMA RMSE
0,0.1611910467098468,0.34417338078505333,0.2883856293770838,0.2985380012198571,0.34023618504959546,0.3346175846422646,0.3359521630418281
