,mean,VARMA RMSE (test),VARMA RMSE (train),VARMA RMSE,ARIMA RMSE (test),ARIMA RMSE (train),ARIMA RMSE
0,0.23167586351155117,0.5414286746369548,0.5019958464857166,0.5342343476512061,0.3628730251428355,0.32619685099941936,0.334210440583245
