,mean,VARMA RMSE (test),VARMA RMSE (train),VARMA RMSE,ARIMA RMSE (test),ARIMA RMSE (train),ARIMA RMSE
0,0.20703332116884435,0.3612361245586799,0.32949988656276336,0.33363970409839344,0.35909601779009703,0.3261342022599336,0.3316982671270563
