,mean,VARMA RMSE (test),VARMA RMSE (train),VARMA RMSE,ARIMA RMSE (test),ARIMA RMSE (train),ARIMA RMSE
0,0.06734163289860007,0.3125703348238433,0.2946918651938849,0.29860684104090957,0.31309020959517,0.30273796020019944,0.3043321077649531
