,mean,VARMA RMSE (test),VARMA RMSE (train),VARMA RMSE,ARIMA RMSE (test),ARIMA RMSE (train),ARIMA RMSE
0,0.1927577394215449,0.35651802149374406,0.33027700114856506,0.33653764715987755,0.35261474532571047,0.3342791790752776,0.33677660124609365
