,mean,VARMA RMSE (test),VARMA RMSE (train),VARMA RMSE,ARIMA RMSE (test),ARIMA RMSE (train),ARIMA RMSE
0,0.09283297655148898,0.31109822599049153,0.29259102077323357,0.293248739218265,0.308842322676639,0.3094641631924496,0.3078087296909456
