,mean,VARMA RMSE (test),VARMA RMSE (train),VARMA RMSE,ARIMA RMSE (test),ARIMA RMSE (train),ARIMA RMSE
0,0.098095442942042,0.3289971870292328,0.31843516991445286,0.3193633030328467,0.3305227646544979,0.33884400914346935,0.3358590094737277
