,mean,VARMA RMSE (test),VARMA RMSE (train),VARMA RMSE,ARIMA RMSE (test),ARIMA RMSE (train),ARIMA RMSE
0,0.34271422605764745,0.3150793960024275,0.2999693175495209,0.30500985985088935,0.31762705422940263,0.3218654612662836,0.31957642726298235
