,mean,VARMA RMSE (test),VARMA RMSE (train),VARMA RMSE,ARIMA RMSE (test),ARIMA RMSE (train),ARIMA RMSE
0,0.34424795514532613,0.3443124162365772,0.34006927337960996,0.33926729371935677,0.3416331864370417,0.33555380064273105,0.335499243162072
