,mean,VARMA RMSE (test),VARMA RMSE (train),VARMA RMSE,ARIMA RMSE (test),ARIMA RMSE (train),ARIMA RMSE
0,0.27258275162207274,0.3466263829733947,0.3455104014355548,0.3439718497149948,0.3440031746092124,0.34102981500887597,0.3410912328653197
