,mean,VARMA RMSE (test),VARMA RMSE (train),VARMA RMSE,ARIMA RMSE (test),ARIMA RMSE (train),ARIMA RMSE
0,0.18404385627560094,0.3825427148419864,0.6746860423274944,0.8079672415225658,0.3936171352512768,0.3401013499350595,0.3456217259240193
