,mean,VARMA RMSE (test),VARMA RMSE (train),VARMA RMSE,ARIMA RMSE (test),ARIMA RMSE (train),ARIMA RMSE
0,0.25923521410496764,0.49875903843873065,0.42479906726636374,0.43908613619108483,0.3663686084549201,0.32912655797917073,0.3358089560508235
