,mean,VARMA RMSE (test),VARMA RMSE (train),VARMA RMSE,ARIMA RMSE (test),ARIMA RMSE (train),ARIMA RMSE
0,0.18370605487559882,0.39218736357380524,0.3137512543025605,0.32871146453171896,0.3828963542944363,0.3341012344344504,0.3421909643849203
