,mean,VARMA RMSE (test),VARMA RMSE (train),VARMA RMSE,ARIMA RMSE (test),ARIMA RMSE (train),ARIMA RMSE
0,0.16551616507243425,0.3424976693292219,0.30872254118343695,0.31595511525880127,0.34324303409732404,0.3283498144436823,0.33107839617984275
