,mean,VARMA RMSE (test),VARMA RMSE (train),VARMA RMSE,ARIMA RMSE (test),ARIMA RMSE (train),ARIMA RMSE
0,0.17775572304809573,0.49308523591498066,0.47560224702270737,0.4835136659450743,0.36475382471518425,0.33957615379265654,0.34473220675929084
