,mean,VARMA RMSE (test),VARMA RMSE (train),VARMA RMSE,ARIMA RMSE (test),ARIMA RMSE (train),ARIMA RMSE
0,0.14254927545966717,0.33819842153595014,1.2564841599665648,1.3103528197815693,0.36336530378553916,0.31299346302330755,0.3217118114527156
