,mean,VARMA RMSE (test),VARMA RMSE (train),VARMA RMSE,ARIMA RMSE (test),ARIMA RMSE (train),ARIMA RMSE
0,0.1688968022580135,0.43405272293203834,0.6092768306301175,0.5715519417085215,0.35589434408936343,0.3290046224542579,0.3366763203550333
