,mean,VARMA RMSE (test),VARMA RMSE (train),VARMA RMSE,ARIMA RMSE (test),ARIMA RMSE (train),ARIMA RMSE
0,0.13894462812189623,0.47040696813304383,0.5649897238713107,0.5820012553307545,0.3740463395602156,0.3267015596601723,0.334959142748142
