,mean,VARMA RMSE (test),VARMA RMSE (train),VARMA RMSE,ARIMA RMSE (test),ARIMA RMSE (train),ARIMA RMSE
0,0.2465670987827446,0.39806148730813207,0.48333719561976074,0.43925628251928434,0.35093381566693654,0.33364904603523826,0.3360262388704758
