,mean,VARMA RMSE (test),VARMA RMSE (train),VARMA RMSE,ARIMA RMSE (test),ARIMA RMSE (train),ARIMA RMSE
0,0.18921268801432467,0.43747060762960205,0.43675161966597176,0.5387330731443891,0.34411533938814665,0.32365455115896713,0.32759881501253624
