,mean,VARMA RMSE (test),VARMA RMSE (train),VARMA RMSE,ARIMA RMSE (test),ARIMA RMSE (train),ARIMA RMSE
0,0.21853329116832448,0.4469470836060558,0.508283947066648,0.42503484361291033,0.3787563440957764,0.3346038340087685,0.3404527829931085
