,mean,VARMA RMSE (test),VARMA RMSE (train),VARMA RMSE,ARIMA RMSE (test),ARIMA RMSE (train),ARIMA RMSE
0,0.15120584414735788,0.35099942757079433,0.2588416769238236,0.27339856542003865,0.3388811489357189,0.3342187742884957,0.33456709238375626
