,mean,VARMA RMSE (test),VARMA RMSE (train),VARMA RMSE,ARIMA RMSE (test),ARIMA RMSE (train),ARIMA RMSE
0,0.08830162999289204,0.40955194815383106,0.20828086796520262,0.2393774041139501,0.3535805430774142,0.3359710583572913,0.33838355925141206
