,mean,VARMA RMSE (test),VARMA RMSE (train),VARMA RMSE,ARIMA RMSE (test),ARIMA RMSE (train),ARIMA RMSE
0,0.1798651017237688,0.3536844137701265,0.3113495988216031,0.3194454732888371,0.35056799535144845,0.33522860209770955,0.3379740002514465
