,mean,VARMA RMSE (test),VARMA RMSE (train),VARMA RMSE,ARIMA RMSE (test),ARIMA RMSE (train),ARIMA RMSE
0,0.22354755357959677,0.3459547731038428,0.19189293767072735,0.2164137130356627,0.31431229802937544,0.31399175322480244,0.31408084916809265
