,mean,VARMA RMSE (test),VARMA RMSE (train),VARMA RMSE,ARIMA RMSE (test),ARIMA RMSE (train),ARIMA RMSE
0,0.17213729907961325,0.3846628854247898,0.2434622683278239,0.2682193104986085,0.3670965285375071,0.3268813762365655,0.3348798488630595
