,mean,VARMA RMSE (test),VARMA RMSE (train),VARMA RMSE,ARIMA RMSE (test),ARIMA RMSE (train),ARIMA RMSE
0,0.22548033381902932,0.3523227692377986,0.33246896434131484,0.33567675623397414,0.3489592665897989,0.3322153527971658,0.3350023701217799
