,mean,VARMA RMSE (test),VARMA RMSE (train),VARMA RMSE,ARIMA RMSE (test),ARIMA RMSE (train),ARIMA RMSE
0,0.257611627004822,0.35828673496011576,0.3571741522830912,0.35699894861122333,0.3580883635282792,0.3535896524200512,0.35213688556682743
