,mean,VARMA RMSE (test),VARMA RMSE (train),VARMA RMSE,ARIMA RMSE (test),ARIMA RMSE (train),ARIMA RMSE
0,0.22082860567071597,0.35829930742869176,0.31363006631947,0.32180110193023526,0.35733519331744623,0.3364461034967723,0.34019505755580237
