,mean,VARMA RMSE (test),VARMA RMSE (train),VARMA RMSE,ARIMA RMSE (test),ARIMA RMSE (train),ARIMA RMSE
0,0.1774174592073141,0.5683294273158803,0.4963041294774187,0.5910506363586324,0.3521758231110613,0.3489039082459045,0.34848975620651074
