,mean,VARMA RMSE (test),VARMA RMSE (train),VARMA RMSE,ARIMA RMSE (test),ARIMA RMSE (train),ARIMA RMSE
0,0.1597480056782832,0.3494045582529381,0.2908603200575001,0.2977249403220838,0.3498590873463932,0.32754174943337255,0.33107200690892796
