,mean,VARMA RMSE (test),VARMA RMSE (train),VARMA RMSE,ARIMA RMSE (test),ARIMA RMSE (train),ARIMA RMSE
0,0.11171513027389295,0.3468134319129986,0.32415545549255165,0.3274636579672042,0.34254058151687566,0.3450458149854694,0.343321720622726
