,mean,VARMA RMSE (test),VARMA RMSE (train),VARMA RMSE,ARIMA RMSE (test),ARIMA RMSE (train),ARIMA RMSE
0,0.2170341667438897,0.4756410437768457,0.41785485674310396,0.48308757051036344,0.34335145878742296,0.33882039060905567,0.3389015662897663
