,mean,VARMA RMSE (test),VARMA RMSE (train),VARMA RMSE,ARIMA RMSE (test),ARIMA RMSE (train),ARIMA RMSE
0,0.13761118210669546,0.33322991731709617,0.3249924276096988,0.32329992767722876,0.33202322307767396,0.34181718391001287,0.3400936177361197
