,mean,VARMA RMSE (test),VARMA RMSE (train),VARMA RMSE,ARIMA RMSE (test),ARIMA RMSE (train),ARIMA RMSE
0,0.19189256706395974,0.3707782639859467,0.3351416015992185,0.3369862585477651,0.36717862490774444,0.3394650161265278,0.343094606486513
