,mean,VARMA RMSE (test),VARMA RMSE (train),VARMA RMSE,ARIMA RMSE (test),ARIMA RMSE (train),ARIMA RMSE
0,0.17670634638161328,0.36153198703134587,0.32858158955769995,0.32689700864989746,0.3600417970563387,0.3288007886505437,0.3335040809098567
