,mean,VARMA RMSE (test),VARMA RMSE (train),VARMA RMSE,ARIMA RMSE (test),ARIMA RMSE (train),ARIMA RMSE
0,0.1705427608604245,0.3613255319311548,0.3211587154354321,0.3304594276435517,0.36092783371281484,0.3440819033954727,0.34641489638803724
