,mean,VARMA RMSE (test),VARMA RMSE (train),VARMA RMSE,ARIMA RMSE (test),ARIMA RMSE (train),ARIMA RMSE
0,0.17545287843592275,0.3502569711848862,0.3193483615216317,0.32428849616587985,0.34668186369189385,0.3424439996256723,0.3428880129967632
