,mean,VARMA RMSE (test),VARMA RMSE (train),VARMA RMSE,ARIMA RMSE (test),ARIMA RMSE (train),ARIMA RMSE
0,0.14488008682016462,0.33546982617454507,0.3104108371596611,0.315127327311641,0.3366420280356669,0.3364952292541868,0.3373451759875646
