,mean,VARMA RMSE (test),VARMA RMSE (train),VARMA RMSE,ARIMA RMSE (test),ARIMA RMSE (train),ARIMA RMSE
0,0.2344225396199487,0.47923886916974673,0.40989050488694656,0.4210894422091152,0.36388592676176973,0.3312448086865711,0.33672923909783575
