,mean,VARMA RMSE (test),VARMA RMSE (train),VARMA RMSE,ARIMA RMSE (test),ARIMA RMSE (train),ARIMA RMSE
0,0.4649199886469277,0.4173413460037905,0.41659216141364713,0.48411425419661036,0.3243094341877668,0.32769181609350523,0.3261572356960618
