,mean,VARMA RMSE (test),VARMA RMSE (train),VARMA RMSE,ARIMA RMSE (test),ARIMA RMSE (train),ARIMA RMSE
0,0.4086460499411319,0.4332708030670144,0.43308654238606303,0.4253403964901524,0.3551691199670514,0.3390713932403126,0.33913096102765367
