,mean,VARMA RMSE (test),VARMA RMSE (train),VARMA RMSE,ARIMA RMSE (test),ARIMA RMSE (train),ARIMA RMSE
0,0.15424791597608298,0.518706068230714,0.457402107656657,0.513896409440905,0.4106793263863097,0.35225928779488763,0.36047848290739265
