,mean,VARMA RMSE (test),VARMA RMSE (train),VARMA RMSE,ARIMA RMSE (test),ARIMA RMSE (train),ARIMA RMSE
0,0.16328802993497626,0.3461312771112918,0.2915248839463314,0.3003586972103347,0.34114489891204647,0.3389215499666626,0.3385747674087145
