,mean,VARMA RMSE (test),VARMA RMSE (train),VARMA RMSE,ARIMA RMSE (test),ARIMA RMSE (train),ARIMA RMSE
0,0.40084165573811154,0.3403477877080623,0.2900273891380169,0.29362677370790524,0.3275696424480857,0.3246932560282261,0.32264988364286773
